panel	group	gene
cell_cycle	G1	CDC34
cell_cycle	G1	ANAPC2
cell_cycle	G1	SKP2
cell_cycle	G1	CCND1
cell_cycle	G1	CUL1
cell_cycle	G1	CDK6
cell_cycle	G1	CDKN3
cell_cycle	G1	CDK4
cell_cycle	S	MCM3
cell_cycle	S	MCM2
cell_cycle	S	MCM5
cell_cycle	S	PCNA
cell_cycle	S	MCM4
cell_cycle	S	ABL1
cell_cycle	G2	SERTAD1
cell_cycle	G2	ANAPC2
cell_cycle	G2	CDK5RAP1
cell_cycle	G2	MNAT1
cell_cycle	G2	BIRC5
cell_cycle	G2	CDK7
cell_cycle	G2	BCCIP
cell_cycle	G2	CCNA2
cell_cycle	G2	CKS2
cell_cycle	G2	CCNB1
cell_cycle	G2	CDKN3
cell_cycle	G2	KPNA2
cell_cycle	G2	CKS1B
cell_cycle	G2	CCNH
cell_cycle	G2	CCNG1
cell_cycle	M	CDC20
cell_cycle	M	CCNB2
cell_cycle	M	AURKB
cell_cycle	M	STMN1
cell_cycle	M	CDC16
dna_repair	NER	RPA1
dna_repair	NER	LIG1
dna_repair	NER	XPC
dna_repair	NER	ERCC3
dna_repair	NER	ERCC1
dna_repair	NER	DDB1
dna_repair	NER	XAB2
dna_repair	NER	MMS19
dna_repair	NER	CCNH
dna_repair	NER	RAD23B
dna_repair	NER	CDK7
dna_repair	NER	RAD23A
dna_repair	NER	ERCC2
dna_repair	NER	DDB2
dna_repair	NER	PNKP
dna_repair	NER	ERCC6
dna_repair	MMR	MSH6
dna_repair	MMR	MSH2
dna_repair	MMR	MLH1
dna_repair	MMR	PMS2
dna_repair	MMR	MSH3
dna_repair	NHEJ	XRCC6
dna_repair	NHEJ	XRCC5
dna_repair	NHEJ	FEN1
dna_repair	NHEJ	PRKDC
dna_repair	NHEJ	RAD21
dna_repair	BER	POLB
dna_repair	BER	PARP1
dna_repair	BER	APEX1
dna_repair	BER	NTHL1
dna_repair	BER	MPG
dna_repair	BER	PARP3
dna_repair	BER	UNG

