figure	gene
Fig2a	DNMT1
Fig2a	DNMT3A
Fig2a	SUV39H1
Fig2a	KMT2A
Fig2a	TET2
Fig2a	KDM4B
Fig2b	H3F3A
Fig2b	KAT8
Fig2b	TNFAIP8
Fig2b	CIR1
Fig2b	SIRT6
Fig2b	PHOSPHO1
Fig2d	LMLN
Fig2d	LMNA
Fig2d	CD9
Fig2e	MDGA2
Fig2e	CDKN1A
Fig2e	CDKN2D
Fig2f	CCND3
Fig2f	CCNG2
Fig2f	CDK11A
Fig2f	CDK11B
Fig2f	G0S2
Fig2f	EIF2A
Fig3c	MPC1
Fig3c	MPC2
Fig3c	TOMM40
Fig3c	NAMPT
Fig3d	ABCG2
Fig3d	ATP1A1
Fig3d	ATP6V0C
Fig3d	ATP6AP1
Fig3d	HBA1
Fig3d	CYP27A1
Fig3e	TAL2
Fig3e	LIG4
Fig3e	BATF
Fig3e	ANXA3
Fig3e	ANXA4
Fig3e	CALM3
Fig3e	ATF3
Fig3e	ATOX1
Fig3e	ZYX
Fig3e	CTSB
Fig3e	MMP9
Fig3e	ENG
Fig4e	MYC
Fig4e	BRCA1
Fig4e	KRAS
Fig4e	APC
Fig4f	TERT
Fig4f	TERF2IP
Fig4g	OCT4
Fig4g	SOX2
Fig4g	KLF4
Fig4g	MYC
Fig4g	NANOG
Fig4g	SALL4
Fig4g	TCF3
Fig5c	CD68
Fig5c	MARCO
Fig5c	C1QA
Fig5c	VMO1
Fig5c	CHIT1
Fig5c	EGR2
Fig5d	CCL2
Fig5d	CCL7
Fig5d	CCL22
Fig5e	CTSK
Fig5e	VEGFB
Fig5e	MMP9

