programme	gene	source
Macrophage core	AIF1	Xue et al., Immunity 2014
Macrophage core	APOE	Xue et al., Immunity 2014
Macrophage core	C1QA	Xue et al., Immunity 2014
Macrophage core	C1QB	Xue et al., Immunity 2014
Macrophage core	C1QC	Xue et al., Immunity 2014
Macrophage core	CD68	Xue et al., Immunity 2014
Macrophage core	CSF1R	Xue et al., Immunity 2014
Macrophage core	CTSB	Xue et al., Immunity 2014
Macrophage core	CTSD	Xue et al., Immunity 2014
Macrophage core	CTSS	Xue et al., Immunity 2014
Macrophage core	CYBA	Xue et al., Immunity 2014
Macrophage core	FCER1G	Xue et al., Immunity 2014
Macrophage core	FCGRT	Xue et al., Immunity 2014
Macrophage core	FCGR1A	Xue et al., Immunity 2014
Macrophage core	LILRB1	Xue et al., Immunity 2014
Macrophage core	LILRB2	Xue et al., Immunity 2014
Macrophage core	LST1	Xue et al., Immunity 2014
Macrophage core	MARCO	Xue et al., Immunity 2014
Macrophage core	MERTK	Xue et al., Immunity 2014
Macrophage core	MPEG1	Xue et al., Immunity 2014
Macrophage core	MSR1	Xue et al., Immunity 2014
Macrophage core	TYROBP	Xue et al., Immunity 2014

